--insertar valaros de profesores
insert into profesor(Id_prof, nombre_prof, apell_prof, despacho_prof, telefono, tipo) 
values(1,'prof1','apellido1','despacho1',123456789,'doctor');
insert into profesor(Id_prof, nombre_prof, apell_prof, despacho_prof, telefono, tipo) 
values(2,'prof2','apellido2','despacho2',123456782,'doctor');
insert into profesor(Id_prof, nombre_prof, apell_prof, despacho_prof, telefono, tipo) 
values(3,'prof3','apellido3','despacho3',123456783,'doctor');
insert into profesor(Id_prof, nombre_prof, apell_prof, despacho_prof, telefono, tipo) 
values(4,'prof4','apellido4','despacho4',123456784,'doctor');
insert into profesor(Id_prof, nombre_prof, apell_prof, despacho_prof, telefono, tipo) 
values(5,'prof5','apellido5','despacho5',123456785,'doctor');
insert into profesor(Id_prof, nombre_prof, apell_prof, despacho_prof, telefono, tipo) 
values(6,'prof6','apellido6','despacho6',123456786,'doctor');
insert into profesor(Id_prof, nombre_prof, apell_prof, despacho_prof, telefono, tipo) 
values(7,'prof7','apellido7','despacho7',123456787,'doctor');
insert into profesor(Id_prof, nombre_prof, apell_prof, despacho_prof, telefono, tipo) 
values(8,'prof8','apellido8','despacho8',123456788,'doctor');
insert into profesor(Id_prof, nombre_prof, apell_prof, despacho_prof, telefono, tipo) 
values(9,'prof9','apellido9','despacho9',123456789,'doctor');
insert into profesor(Id_prof, nombre_prof, apell_prof, despacho_prof, telefono, tipo) 
values(10,'prof10','apellido10','despacho10',123456710,'doctor');
insert into profesor(Id_prof, nombre_prof, apell_prof, despacho_prof, telefono, tipo) 
values(11,'prof11','apellido11','despacho11',123456711,'no doctor');
insert into profesor(Id_prof, nombre_prof, apell_prof, despacho_prof, telefono, tipo) 
values(12,'prof12','apellido12','despacho12',123456712,'no doctor');
insert into profesor(Id_prof, nombre_prof, apell_prof, despacho_prof, telefono, tipo) 
values(13,'prof13','apellido13','despacho13',123456713,'no doctor');
insert into profesor(Id_prof, nombre_prof, apell_prof, despacho_prof, telefono, tipo) 
values(14,'prof14','apellido14','despacho14',123456714,'no doctor');
insert into profesor(Id_prof, nombre_prof, apell_prof, despacho_prof, telefono, tipo) 
values(15,'prof15','apellido15','despacho15',123456715,'no doctor');
insert into profesor(Id_prof, nombre_prof, apell_prof, despacho_prof, telefono, tipo) 
values(16,'prof16','apellido16','despacho16',123456716,'no doctor');
insert into profesor(Id_prof, nombre_prof, apell_prof, despacho_prof, telefono, tipo) 
values(17,'prof17','apellido17','despacho17',123456717,'no doctor');
insert into profesor(Id_prof, nombre_prof, apell_prof, despacho_prof, telefono, tipo) 
values(18,'prof18','apellido18','despacho18',123456718,'no doctor');
insert into profesor(Id_prof, nombre_prof, apell_prof, despacho_prof, telefono, tipo) 
values(19,'prof19','apellido19','despacho19',123456719,'no doctor');
insert into profesor(Id_prof, nombre_prof, apell_prof, despacho_prof, telefono, tipo) 
values(20,'prof20','apellido20','despacho20',123456720,'no doctor');

-- insertar valores de publicacion
insert into publicacion(id_publicacion, titulo_publicacion, tipo)
values(1,'titulo1', 'revista');
insert into publicacion(id_publicacion, titulo_publicacion, tipo)
values(2,'titulo2', 'revista');
insert into publicacion(id_publicacion, titulo_publicacion, tipo)
values(3,'titulo3', 'revista');
insert into publicacion(id_publicacion, titulo_publicacion, tipo)
values(4,'titulo4', 'revista');
insert into publicacion(id_publicacion, titulo_publicacion, tipo)
values(5,'titulo5', 'revista');
insert into publicacion(id_publicacion, titulo_publicacion, tipo)
values(6,'titulo6', 'revista');
insert into publicacion(id_publicacion, titulo_publicacion, tipo)
values(7,'titulo7', 'revista');
insert into publicacion(id_publicacion, titulo_publicacion, tipo)
values(8,'titulo8', 'revista');
insert into publicacion(id_publicacion, titulo_publicacion, tipo)
values(9,'titulo9', 'revista');
insert into publicacion(id_publicacion, titulo_publicacion, tipo)
values(10,'titulo10', 'revista');
insert into publicacion(id_publicacion, titulo_publicacion, tipo)
values(11,'titulo11', 'congreso');
insert into publicacion(id_publicacion, titulo_publicacion, tipo)
values(12,'titulo12', 'congreso');
insert into publicacion(id_publicacion, titulo_publicacion, tipo)
values(13,'titulo13', 'congreso');
insert into publicacion(id_publicacion, titulo_publicacion, tipo)
values(14,'titulo14', 'congreso');
insert into publicacion(id_publicacion, titulo_publicacion, tipo)
values(15,'titulo15', 'congreso');
insert into publicacion(id_publicacion, titulo_publicacion, tipo)
values(16,'titulo16', 'congreso');
insert into publicacion(id_publicacion, titulo_publicacion, tipo)
values(17,'titulo17', 'congreso');
insert into publicacion(id_publicacion, titulo_publicacion, tipo)
values(18,'titulo18', 'congreso');
insert into publicacion(id_publicacion, titulo_publicacion, tipo)
values(19,'titulo19', 'congreso');
insert into publicacion(id_publicacion, titulo_publicacion, tipo)
values(20,'titulo20', 'congreso');

-- insertar valores de revista
insert into revista(id_revista, volumen_rev, numero_rev, pagina_inicio, pagina_fin) 
values(1,3,5,1,20);
insert into revista(id_revista, volumen_rev, numero_rev, pagina_inicio, pagina_fin) 
values(2,8,4,10,20);
insert into revista(id_revista, volumen_rev, numero_rev, pagina_inicio, pagina_fin) 
values(3,9,10,1,7);
insert into revista(id_revista, volumen_rev, numero_rev, pagina_inicio, pagina_fin) 
values(4,4,6,30,35);
insert into revista(id_revista, volumen_rev, numero_rev, pagina_inicio, pagina_fin) 
values(5,5,7,21,30);
insert into revista(id_revista, volumen_rev, numero_rev, pagina_inicio, pagina_fin) 
values(6,6,5,1,20);
insert into revista(id_revista, volumen_rev, numero_rev, pagina_inicio, pagina_fin) 
values(7,7,4,11,29);
insert into revista(id_revista, volumen_rev, numero_rev, pagina_inicio, pagina_fin) 
values(8,8,3,12,25);
insert into revista(id_revista, volumen_rev, numero_rev, pagina_inicio, pagina_fin) 
values(9,9,2,30,40);
insert into revista(id_revista, volumen_rev, numero_rev, pagina_inicio, pagina_fin) 
values(10,110,4,1,5);

--insertar valors en congreso
insert into congreso(id_congreso, tipo_congreso, ciudad, pais, fecha_inicio_congreso, fecha_fin_congreso)
values(11,'academico','ciudad1','pais1','2022-01-20','2022-01-25');
insert into congreso(id_congreso, tipo_congreso, ciudad, pais, fecha_inicio_congreso, fecha_fin_congreso)
values(12,'academico','ciudad2','pais1','2022-02-10','2022-02-15');
insert into congreso(id_congreso, tipo_congreso, ciudad, pais, fecha_inicio_congreso, fecha_fin_congreso)
values(13,'academico','ciudad3','pais2','2022-01-01','2022-01-05');
insert into congreso(id_congreso, tipo_congreso, ciudad, pais, fecha_inicio_congreso, fecha_fin_congreso)
values(14,'academico','ciudad4','pais3','2022-05-25','2022-05-27');
insert into congreso(id_congreso, tipo_congreso, ciudad, pais, fecha_inicio_congreso, fecha_fin_congreso)
values(15,'academico','ciudad5','pais2','2022-03-10','2022-03-12');
insert into congreso(id_congreso, tipo_congreso, ciudad, pais, fecha_inicio_congreso, fecha_fin_congreso)
values(16,'academico','ciudad6','pais2','2022-04-19','2022-04-20');
insert into congreso(id_congreso, tipo_congreso, ciudad, pais, fecha_inicio_congreso, fecha_fin_congreso)
values(17,'academico','ciudad7','pais2','2022-05-21','2022-05-22');
insert into congreso(id_congreso, tipo_congreso, ciudad, pais, fecha_inicio_congreso, fecha_fin_congreso)
values(18,'academico','ciudad3','pais3','2022-06-03','2022-06-04');
insert into congreso(id_congreso, tipo_congreso, ciudad, pais, fecha_inicio_congreso, fecha_fin_congreso)
values(19,'academico','ciudad4','pais4','2022-08-16','2022-08-20');
insert into congreso(id_congreso, tipo_congreso, ciudad, pais, fecha_inicio_congreso, fecha_fin_congreso)
values(20,'academico','ciudad8','pais5','2022-09-05','2022-09-10');

--inertar datos en escribe_publicacion
insert into escribe_publicacion(id_profesor, id_publicacion)
values(1,1);
insert into escribe_publicacion(id_profesor, id_publicacion)
values(2,2);
insert into escribe_publicacion(id_profesor, id_publicacion)
values(3,3);
insert into escribe_publicacion(id_profesor, id_publicacion)
values(4,4);
insert into escribe_publicacion(id_profesor, id_publicacion)
values(5,5);
insert into escribe_publicacion(id_profesor, id_publicacion)
values(6,6);
insert into escribe_publicacion(id_profesor, id_publicacion)
values(7,7);
insert into escribe_publicacion(id_profesor, id_publicacion)
values(8,8);
insert into escribe_publicacion(id_profesor, id_publicacion)
values(9,9);
insert into escribe_publicacion(id_profesor, id_publicacion)
values(10,10);

--insertar datos en doc_sup_no_doc
insert into doc_sup_no_doc(id_sup, id_doctor, id_no_doctor, fecha_inicio_sup, fecha_fin_sup)
values(1,1,11,'2022-01-01','2022-01-10');
insert into doc_sup_no_doc(id_sup, id_doctor, id_no_doctor, fecha_inicio_sup, fecha_fin_sup)
values(2,2,12,'2022-02-01','2022-02-10');
insert into doc_sup_no_doc(id_sup, id_doctor, id_no_doctor, fecha_inicio_sup, fecha_fin_sup)
values(3,3,13,'2022-03-01','2022-03-10');
insert into doc_sup_no_doc(id_sup, id_doctor, id_no_doctor, fecha_inicio_sup, fecha_fin_sup)
values(4,4,14,'2022-04-01','2022-04-10');
insert into doc_sup_no_doc(id_sup, id_doctor, id_no_doctor, fecha_inicio_sup, fecha_fin_sup)
values(5,5,15,'2022-05-01','2022-05-10');
insert into doc_sup_no_doc(id_sup, id_doctor, id_no_doctor, fecha_inicio_sup, fecha_fin_sup)
values(6,6,16,'2022-06-01','2022-06-10');
insert into doc_sup_no_doc(id_sup, id_doctor, id_no_doctor, fecha_inicio_sup, fecha_fin_sup)
values(7,7,17,'2022-07-01','2022-07-10');
insert into doc_sup_no_doc(id_sup, id_doctor, id_no_doctor, fecha_inicio_sup, fecha_fin_sup)
values(8,8,18,'2022-08-01','2022-08-10');
insert into doc_sup_no_doc(id_sup, id_doctor, id_no_doctor, fecha_inicio_sup, fecha_fin_sup)
values(9,9,19,'2022-09-01','2022-09-10');
insert into doc_sup_no_doc(id_sup, id_doctor, id_no_doctor, fecha_inicio_sup, fecha_fin_sup)
values(10,10,20,'2022-10-01','2022-10-10');

--insertar datos en proyecto_investigacion
insert into proyecto_investigación(id_proyecto, nombre_proyecto, programa_id, descripcion_proyecto, 
fecha_inicio_proy, fecha_fin_proy, prespuesto_proy, id_doctor)
values(1, 'proyecto1', 'programa1','descripcion1', '2022-01-01', '2022-02-01',10000,1);

insert into proyecto_investigación(id_proyecto, nombre_proyecto, programa_id, descripcion_proyecto, 
fecha_inicio_proy, fecha_fin_proy, prespuesto_proy, id_doctor)
values(2, 'proyecto2', 'programa2','descripcion2', '2022-02-01', '2022-03-01',10000,1);

insert into proyecto_investigación(id_proyecto, nombre_proyecto, programa_id, descripcion_proyecto, 
fecha_inicio_proy, fecha_fin_proy, prespuesto_proy, id_doctor)
values(3, 'proyecto3', 'programa3','descripcion3', '2022-03-01', '2022-04-01',10000,1);

insert into proyecto_investigación(id_proyecto, nombre_proyecto, programa_id, descripcion_proyecto, 
fecha_inicio_proy, fecha_fin_proy, prespuesto_proy, id_doctor)
values(4, 'proyecto4', 'programa4','descripcion4', '2022-04-01', '2022-05-01',10000,1);

insert into proyecto_investigación(id_proyecto, nombre_proyecto, programa_id, descripcion_proyecto, 
fecha_inicio_proy, fecha_fin_proy, prespuesto_proy, id_doctor)
values(5, 'proyecto5', 'programa5','descripcion5', '2022-05-01', '2022-06-01',10000,1);

insert into proyecto_investigación(id_proyecto, nombre_proyecto, programa_id, descripcion_proyecto, 
fecha_inicio_proy, fecha_fin_proy, prespuesto_proy, id_doctor)
values(6, 'proyecto6', 'programa6','descripcion6', '2022-06-01', '2022-07-01',10000,1);

insert into proyecto_investigación(id_proyecto, nombre_proyecto, programa_id, descripcion_proyecto, 
fecha_inicio_proy, fecha_fin_proy, prespuesto_proy, id_doctor)
values(7, 'proyecto7', 'programa7','descripcion7', '2022-07-01', '2022-08-010',10000,1);

insert into proyecto_investigación(id_proyecto, nombre_proyecto, programa_id, descripcion_proyecto, 
fecha_inicio_proy, fecha_fin_proy, prespuesto_proy, id_doctor)
values(8, 'proyecto8', 'programa8','descripcion8', '2022-08-01', '2022-09-01',10000,1);

insert into proyecto_investigación(id_proyecto, nombre_proyecto, programa_id, descripcion_proyecto, 
fecha_inicio_proy, fecha_fin_proy, prespuesto_proy, id_doctor)
values(9, 'proyecto9', 'programa9','descripcion9', '2022-09-01', '2022-10-01',10000,1);

insert into proyecto_investigación(id_proyecto, nombre_proyecto, programa_id, descripcion_proyecto, 
fecha_inicio_proy, fecha_fin_proy, prespuesto_proy, id_doctor)
values(10, 'proyecto10', 'programa10','descripcion10', '2022-10-01', '2022-11-01',10000,1);


--insertar datos en profesor_trabaja_proyecto
insert into profesor_trabaja_proyecto(id_trabaja, id_profesor, id_proyecto, fecha_inicio_trabajo, fecha_fin_trabajo)
values(1,11,1,'2022-01-01','2022-02-01');
insert into profesor_trabaja_proyecto(id_trabaja, id_profesor, id_proyecto, fecha_inicio_trabajo, fecha_fin_trabajo)
values(2,12,2,'2022-02-01','2022-03-01');
insert into profesor_trabaja_proyecto(id_trabaja, id_profesor, id_proyecto, fecha_inicio_trabajo, fecha_fin_trabajo)
values(3,13,3,'2022-03-01','2022-04-01');
insert into profesor_trabaja_proyecto(id_trabaja, id_profesor, id_proyecto, fecha_inicio_trabajo, fecha_fin_trabajo)
values(4,14,4,'2022-04-13','2022-05-23');
insert into profesor_trabaja_proyecto(id_trabaja, id_profesor, id_proyecto, fecha_inicio_trabajo, fecha_fin_trabajo)
values(5,15,5,'2022-05-01','2022-06-01');
insert into profesor_trabaja_proyecto(id_trabaja, id_profesor, id_proyecto, fecha_inicio_trabajo, fecha_fin_trabajo)
values(6,16,6,'2022-06-01','2022-07-25');
insert into profesor_trabaja_proyecto(id_trabaja, id_profesor, id_proyecto, fecha_inicio_trabajo, fecha_fin_trabajo)
values(7,17,7,'2023-07-01','2023-08-01');
insert into profesor_trabaja_proyecto(id_trabaja, id_profesor, id_proyecto, fecha_inicio_trabajo, fecha_fin_trabajo)
values(8,18,8,'2022-08-10','2022-09-01');
insert into profesor_trabaja_proyecto(id_trabaja, id_profesor, id_proyecto, fecha_inicio_trabajo, fecha_fin_trabajo)
values(9,19,9,'2022-09-10','2022-10-15');
insert into profesor_trabaja_proyecto(id_trabaja, id_profesor, id_proyecto, fecha_inicio_trabajo, fecha_fin_trabajo)
values(10,20,10,'2022-10-20','2022-11-30');